scope,instances,truth_positive,aegypti_correct,chiba_correct,matmul_correct,aegypti_misses,invalid_witnesses,all_agree,mean_aegypti_ms,mean_chiba_ms,mean_matmul_ms
regime:dense,4448,3608,4448,4448,4448,0,0,4448,1.4819470095108371,0.15847700108175597,0.16228394767279122
regime:sparse,5538,3072,5538,5538,5538,0,0,5538,0.08051998955919079,0.06017036764894613,0.11557600251449432
family:er_dense,2500,2500,2500,2500,2500,0,0,2500,1.5058998799649999,0.17058251998387278,0.17835987939033657
family:er_sparse,2486,1139,2486,2486,2486,0,0,2486,0.087892237257614,0.06619967697341855,0.12106025757827014
family:planted_clique,1000,1000,1000,1000,1000,0,0,1000,1.3677763997693546,0.12487969995709136,0.15484910045051947
family:planted_triangle,1500,1500,1500,1500,1500,0,0,1500,0.08081899963629742,0.059157799230888486,0.11020953386711578
family:structured,1000,541,1000,1000,1000,0,0,1000,0.21731209836434573,0.07288980128942057,0.11454950016923249
family:tri_free_bipartite,1500,0,1500,1500,1500,0,0,1500,0.8987021341066187,0.10706286656204611,0.12022033395866553
OVERALL,9986,6680,9986,9986,9986,0,0,9986,0.7047486481557182,0.10395846153129525,0.13638082326996245
